node_1,node_2,edge,chunk_id,relation,type,count
mulholland drive,david lynch,Director Mulholland Drive is a surrealist mystery film written and directed by David Lynch,5ecf4583f7234888a403cc38ec2ed95d,,,4
betty elms,naomi watts,Actress Naomi Watts plays the role of Betty Elms in Mulholland Drive,5ecf4583f7234888a403cc38ec2ed95d,,,4
amnesiac woman,laura harring,Actress Laura Harring plays the role of an amnesiac woman in Mulholland Drive,5ecf4583f7234888a403cc38ec2ed95d,,,4
hollywood film director,justin theroux,Actor Justin Theroux plays the role of a Hollywood film director in Mulholland Drive,5ecf4583f7234888a403cc38ec2ed95d,,,4
aspiring actress,betty elms,Betty Elms is an aspiring actress in Mulholland Drive,5ecf4583f7234888a403cc38ec2ed95d,,,4
los angeles,mulholland drive,Mulholland Drive takes place in Los Angeles,5ecf4583f7234888a403cc38ec2ed95d,,,4
car accident,amnesiac woman,The amnesiac woman suffers from a car accident,5ecf4583f7234888a403cc38ec2ed95d,,,4
tagline,mulholland drive,Mulholland Drive is labeled as 'A love story in the city of dreams' by David Lynch,5ecf4583f7234888a403cc38ec2ed95d,,,4
mulholland drive,woman,The woman is trying to escape a shooting on Mulholland Drive.,45e57c2e29b54de28bff4bc734abed55,,,4
limousine chauffeur,woman,The limousine chauffeur attempts to shoot the woman on Mulholland Drive.,45e57c2e29b54de28bff4bc734abed55,,,4
apartment,woman,The woman hides in an apartment after escaping from the shooting.,45e57c2e29b54de28bff4bc734abed55,,,4
betty elms,woman,Betty Elms discovers the woman with amnesia in her aunt's apartment.,45e57c2e29b54de28bff4bc734abed55,,,4
rita,woman,The woman adopts the name 'Rita' from a Gilda poster.,45e57c2e29b54de28bff4bc734abed55,,,4
winkie's diner,man,A man and his companion investigate behind Winkie's diner due to similarities in their nightmares with the diner.,45e57c2e29b54de28bff4bc734abed55,,,4
horrific figure,man,The horrific figure causes the man to collapse in shock while investigating behind Winkie's diner.,45e57c2e29b54de28bff4bc734abed55,,,4
mulholland drive,cash,Rita and Betty Elms discover a large quantity of cash in Rita's purse while she was hiding on Mulholland Drive.,45e57c2e29b54de28bff4bc734abed55,,,4
mulholland drive,blue key,Rita and Betty Elms also find a blue key in Rita's purse while she was hiding on Mulholland Drive.,45e57c2e29b54de28bff4bc734abed55,,,4
mulholland drive,ann miller,Mulholland Drive is the last feature film to star veteran Hollywood actress Ann Miller.,45e57c2e29b54de28bff4bc734abed55,,,4
adam kesher,camilla rhodes,"Adam refuses to cast Camilla at her audition, but later the mobsters pressure him to do so, as they remove his line of credit and shut down production. Adam eventually gives in and casts Camilla, which pleases the studio.",67feafb75eaf45a39e04b677ab59756c,,,4
camilla rhodes,unknown actress,"Both terms refer to individuals being considered for roles in Adam's film. The difference is that Camilla was ultimately cast, while the identity of the unknown actress remains unclear.",67feafb75eaf45a39e04b677ab59756c,,,4
adam kesher,studio,The studio shuts down production after Adam refuses to cast Camilla Rhodes. This action is taken due to pressure from the mobsters.,67feafb75eaf45a39e04b677ab59756c,,,4
adam kesher,mobsters,"The mobsters threaten Adam, urging him to cast Camilla Rhodes. They also remove his line of credit, leading to the studio shutting down production.",67feafb75eaf45a39e04b677ab59756c,,,4
adam kesher,wife's lover,"After Adam discovers his wife's infidelity, she kicks him out of their home. This could potentially lead to a change in the relationship between Adam and his wife's lover.",67feafb75eaf45a39e04b677ab59756c,,,4
adam kesher,cowboy,"The cowboy strongly urges Adam to cast Camilla Rhodes, implying a potential association between the two men.",67feafb75eaf45a39e04b677ab59756c,,,4
rita,diane selwyn,"After Rita's name is mentioned by a waitress at Winkie's, she remembers the name Diane Selwyn. They subsequently call her number, but there is no answer.",67feafb75eaf45a39e04b677ab59756c,,,4
betty,casting agent,The casting agent shows Betty around during her audition for a role in Adam's film.,67feafb75eaf45a39e04b677ab59756c,,,4
adam kesher,the sylvia north story,Adam is auditioning for The Sylvia North Story when Betty enters the set. They briefly lock eyes before Betty flees.,67feafb75eaf45a39e04b677ab59756c,,,4
hitman,book of phone numbers,"A bungling hitman attempts to steal a book of phone numbers, leading to the deaths of three people.",67feafb75eaf45a39e04b677ab59756c,,,4
betty,diane selwyn,"Betty and Rita go to Diane Selwyn's apartment complex, but the occupant explains she is Diane’s neighbor and they recently swapped apartments.",dcda4382c7ac49329024cf59a5fcd451,,,4
rita,diane selwyn,"Breaking into Diane's new apartment, Betty and Rita discover a woman’s decomposing corpse, horrifying Rita.",dcda4382c7ac49329024cf59a5fcd451,,,4
betty,rita,"Later that night, the two have sex.",dcda4382c7ac49329024cf59a5fcd451,,,4
rita,blonde wig,Betty persuades Rita to don a blonde wig similar to Betty’s own hairstyle.,dcda4382c7ac49329024cf59a5fcd451,,,4
betty,club silencio,"At 2 a.m., Rita awakens from a nightmare while chanting ‘Silencio’ and insists that the two go to Club Silencio.",dcda4382c7ac49329024cf59a5fcd451,,,4
emcee,club silencio,"At Club Silencio, the emcee explains...",dcda4382c7ac49329024cf59a5fcd451,,,4
rebekah del rio,spanish rendition of ‘crying',... Rebekah del Rio’s Spanish rendition of ‘Crying’...,dcda4382c7ac49329024cf59a5fcd451,,,4
betty,blue box,"Discovers a blue box matching the key in her purse,",dcda4382c7ac49329024cf59a5fcd451,,,4
rita,vanishes too,... Rita vanishes too and the box falls to the floor.,dcda4382c7ac49329024cf59a5fcd451,,,4
diane selwyn,depressed and struggling actress,"Diane Selwyn, a depressed and struggling actress resembling Betty,",dcda4382c7ac49329024cf59a5fcd451,,,4
camilla rhodes,successful actress,"Diane's past relationship with Camilla Rhodes, a successful actress who looks like Rita.",dcda4382c7ac49329024cf59a5fcd451,,,4
camilla,adam,"Camilla kisses and whispers about Diane to Adam, angering Diane.",bd8f9494827a4590adb1df38d91aaf62,,,4
diane,camilla rhodes,"Diane met Camilla on The Sylvia North Story, and they became friends despite Diane losing the leading role to her.",bd8f9494827a4590adb1df38d91aaf62,,,4
adam,camilla,Adam and Camilla prepare to make a joint announcement (suggesting they are getting married).,bd8f9494827a4590adb1df38d91aaf62,,,4
diane,partygoers,"Diane explains to the partygoers, who all resemble people seen previously, that she moved from Canada after inheriting cash from her aunt.",bd8f9494827a4590adb1df38d91aaf62,,,4
camilla,diane,"At Camilla's behest, Diane attends a party at Adam's house on Mulholland Drive.",bd8f9494827a4590adb1df38d91aaf62,,,4
hitman,diane,Diane hires the hitman to kill Camilla and he says that he will leave a blue key to signal completion.,bd8f9494827a4590adb1df38d91aaf62,,,4
blue key,diane,"In her apartment, a traumatized Diane stares at the blue key on her coffee table.",bd8f9494827a4590adb1df38d91aaf62,,,4
silence,blue-haired woman,"At Club Silencio, a blue-haired woman whispers 'Silencio'.",bd8f9494827a4590adb1df38d91aaf62,,,4
david lynch's 10 clues to unlocking this thriller,film,The card titled 'David Lynch's 10 Clues to Unlocking This Thriller' is contained within the original DVD release of the film.,05751ff2df2249b59de67c440675814f,,,4
mulholland drive,film,The movie 'Mulholland Drive' has only been given the tagline 'A love story in the city of dreams',05751ff2df2249b59de67c440675814f,,,4
david lynch,director,The film 'Mulholland Drive' is directed by David Lynch.,05751ff2df2249b59de67c440675814f,,,4
david sterritt,film critic,David Sterritt spoke with David Lynch after the film 'Mulholland Drive' screened at Cannes.,05751ff2df2249b59de67c440675814f,,,4
christian science monitor,newspaper,The Christian Science Monitor is a newspaper where David Sterritt works as a film critic.,05751ff2df2249b59de67c440675814f,,,4
lost highway,film,"David Lynch's earlier film 'Lost Highway' differs from 'Mulholland Drive' in that the former does not tell a coherent, comprehensible story.",05751ff2df2249b59de67c440675814f,,,4
justin theroux,actor,Justin Theroux is an actor who has worked with David Lynch. He stated that David Lynch enjoys it when people interpret 'Mulholland Drive' in bizarre ways.,05751ff2df2249b59de67c440675814f,,,4
neo-noir,genre,"'Mulholland Drive' is classified as a neo-noir, as are other films.",05751ff2df2249b59de67c440675814f,,,4
betty elms,diane selwyn,"In the dream interpretation, Betty Elms is portrayed as a successful and charming persona created by Diane Selwyn to reconstruct her past and persona into something like an old Hollywood film. This dream world represents the opposite of Diane's real life where she has failed both personally and professionally.",6f806d9618514232947e46ca36b2e41e,,,4
rita,camilla,"In her real life, Diane arranges for Camilla, an ex-lover, to be killed. Unable to cope with the guilt, she reimagines Camilla as Rita, a dependent and pliable amnesiac. This action is a clue to her inevitable demise, which continues to appear throughout her dream.",6f806d9618514232947e46ca36b2e41e,,,4
dream analysis,film interpretation,"The early interpretation of the film uses dream analysis to explore Diane Selwyn's psyche, suggesting that the first part is a dream of her real self.",6f806d9618514232947e46ca36b2e41e,,,4
naomi watts,diane,"Watts said in an interview that she construed Diane as the real character and believed that Betty was the person Diane wanted to be and had dreamed up. This suggests a relationship between Watts, who is an actress, and the character Diane, whom she portrayed in the movie.",32b310d14bef4e4e92a6bd3a7bd12547,,,4
naomi watts,betty,"Watts's own early experiences in Hollywood parallel those of Diane's. She endured some professional frustration before she became successful, auditioned for parts in which she did not believe, and encountered people who did not follow through with opportunities. This suggests that Watts's personal experiences as an actress are related to the character Betty.",32b310d14bef4e4e92a6bd3a7bd12547,,,4
naomi watts,rita,"Watts also compared Rita, a character in the movie, with her own experiences in Hollywood. She said that Rita was the damsel in distress and absolutely needed Betty, and that Betty controlled her as if she were a doll. This suggests a relationship between Watts's own experiences and the character Rita.",32b310d14bef4e4e92a6bd3a7bd12547,,,4
michael wilmington,mulholland drive,"Wilmington's review of the movie 'Mulholland Drive' suggests a relationship between the director David Lynch, Michael Wilmington as a critic, and the movie itself. Wilmington described everything in the movie as a nightmare, portraying it as a portrayal of the Hollywood golden dream turning rancid, curdling into a poisonous stew of hatred, envy, sleazy compromise, and soul-killing failure.",32b310d14bef4e4e92a6bd3a7bd12547,,,4
michael wilmington,hollywood,"Wilmington's review also suggests a relationship between Hollywood, the movie 'Mulholland Drive', and the director David Lynch. He portrayed the underbelly of our glamorous fantasies as realistically portrayed in this movie, which is set against the backdrop of Hollywood.",32b310d14bef4e4e92a6bd3a7bd12547,,,4
betty,diane,"Neil Roberts and Tom Charity suggest that Betty represents Diane's projection of a happier life. This interpretation is also accepted by Roger Ebert and Jonathan Ross, but both are hesitant to overanalyze the film.",7af53c18b65442d5b9a1fe6dea6a090a,,,4
betty,diane,"Philip French sees Mulholland Drive as an allusion to Hollywood tragedy, but Jane Douglas rejects the theory of Betty's life as Diane's dream.",7af53c18b65442d5b9a1fe6dea6a090a,,,4
unresolved storylines,dreams,"According to Jonathan Ross, there are storylines in Mulholland Drive that go nowhere and may be the non-sequiturs and subconscious of dreams.",7af53c18b65442d5b9a1fe6dea6a090a,,,4
explanation,mystery,"Roger Ebert states that there is no explanation in Mulholland Drive, but there may not even be a mystery.",7af53c18b65442d5b9a1fe6dea6a090a,,,4
dreams,revelatory truth,"Lynch's film illustrates the concept of revelatory truth in dreams, highlighting the epistemological uncertainty associated with it.",7bf560b006fd4a08a464f68a708e172b,,,4
dreams,epistemological uncertainty,The portrayal of dreams in Lynch's film explores the uncertain and ambiguous nature of knowledge gained through dreaming.,7bf560b006fd4a08a464f68a708e172b,,,4
monstrous being,dreams,"The monstrous being from the dreams in Lynch's film is discussed by the men at Winkie's, adding to its significance and recurrence throughout the movie.",7bf560b006fd4a08a464f68a708e172b,,,4
monstrous being,suicide,"The monstrous being from the dreams in Lynch's film is associated with the suicide of Diane at the end of the movie, highlighting its ominous and enigmatic nature.",7bf560b006fd4a08a464f68a708e172b,,,4
robert sinnerbrink,dream and reality interpretation,Similarly notes that the images following Diane's apparent suicide undermine the 'dream and reality' interpretation.,1b1e618a43b14ec4a6e28c1554369ac5,,,4
images following diane's apparent suicide,bed consumed with smoke,Followed by Betty and Rita beaming at each other,1b1e618a43b14ec4a6e28c1554369ac5,,,4
woman in the club silencio balcony,whispers 'silencio',After which a woman in the Club Silencio balcony whispers 'Silencio' as the screen fades to black.,1b1e618a43b14ec4a6e28c1554369ac5,,,4
sinnerbrink,the genuinely metaphysical dimension of the cinematic image,"Notes that the 'concluding images float in an indeterminate zone between fantasy and reality, which is perhaps the genuinely metaphysical dimension of the cinematic image'",1b1e618a43b14ec4a6e28c1554369ac5,,,4
last sequence,diane's dying consciousness,"Sinnerbrink writes that the 'last sequence comprises the fantasy images of Diane's dying consciousness, concluding with the real moment of her death: the final Silencio'",1b1e618a43b14ec4a6e28c1554369ac5,,,4
andrew hageman,cinematic space that persists after the curtain has dropped on her living consciousness,"Notes that 'the ninety-second coda that follows Betty/Diane's suicide is a cinematic space that persists after the curtain has dropped on her living consciousness, and this persistent space is the very theatre where the illusion of illusion is continually unmasked'",1b1e618a43b14ec4a6e28c1554369ac5,,,4
mulholland drive,lynch films,"Mulholland Drive is a part of the larger body of films directed by David Lynch, commonly referred to as 'Lynch films'.",0d818a625f394a78a7916a7e28f76a0f,,,4
david roche,lynch films,David Roche is a film theorist who has written about Lynch films.,0d818a625f394a78a7916a7e28f76a0f,,,4
detective story,lynch films,"While Mulholland Drive does have detective story elements, David Roche argues that the films force the audience to become detectives themselves in order to understand the narratives.",0d818a625f394a78a7916a7e28f76a0f,,,4
spectator,lynch films,"In Lynch's films, the spectator is always 'one step behind narration'",0d818a625f394a78a7916a7e28f76a0f,,,4
mystery film,mulholland drive,"Roche argues that Mulholland Drive is a mystery film not because it presents solutions to questions, but because the audience's desire to make sense of it holds the film together.",0d818a625f394a78a7916a7e28f76a0f,,,4
characters in the film,mysteries,"There are multiple mysteries in the film that ultimately go unanswered by the characters who meet dead ends, like Betty and Rita, or give in to pressures as Adam does.",0d818a625f394a78a7916a7e28f76a0f,,,4
spectator-detective,mulholland drive,Roche concludes that Mulholland Drive is a mystery film held together 'by the spectator-detective's desire to make sense' of it.,0d818a625f394a78a7916a7e28f76a0f,,,4
mulholland drive,hollywood,"Despite the proliferation of theories, critics note that no explanation satisfies all of the loose ends and questions that arise from the film. Mulholland Drive has little to do with any single character's love life or professional ambition. The movie is an ever-deepening reflection on the allure of Hollywood and on the multiple role-playing and self-invention that the movie-going experience promises ... What greater power is there than the power to enter and to program the dream life of the culture? Stephen Holden from The New York Times writes, 'Mulholland Drive has little to do with any single character's love life or professional ambition. The movie is an ever-deepening reflection on the allure of Hollywood and on the multiple role-playing and self-invention that the movie-going experience promises ... What greater power is there than the power to enter and to program the dream life of the culture?' J. Hoberman from The Village Voice echoes this sentiment by calling it a 'poisonous valentine to Hollywood'.",3246841c89f24b109f6c998cac59c210,,,4
mulholland drive,culture,"'Mulholland Drive has little to do with any single character's love life or professional ambition. The movie is an ever-deepening reflection on the allure of Hollywood and on the multiple role-playing and self-invention that the movie-going experience promises ... What greater power is there than the power to enter and to program the dream life of the culture?' Stephen Holden from The New York Times writes, 'Mulholland Drive has little to do with any single character's love life or professional ambition. The movie is an ever-deepening reflection on the allure of Hollywood and on the multiple role-playing and self-invention that the movie-going experience promises ... What greater power is there than the power to enter and to program the dream life of the culture?'",3246841c89f24b109f6c998cac59c210,,,4
mulholland drive,sunset boulevard,Both films are compared due to their themes of broken dreams in Hollywood and iconic Los Angeles street names. Mulholland Drive is described as Lynch's unique account of what held Wilder's attention too: human putrefaction in a city of lethal illusions.,78ce57b7608f4332aaf0943b26191392,,,4
mulholland drive,iconic hollywood culture,The title of the film is a reference to iconic Hollywood culture.,78ce57b7608f4332aaf0943b26191392,,,4
lynch,mulholland drive,"Lynch lives near Mulholland Drive and described it as 'the top of the world' at night, where there is a hair of fear because it goes into remote areas.",78ce57b7608f4332aaf0943b26191392,,,4
watts,mulholland drive,"Before her career was established, Watts drove along Mulholland Drive sobbing her heart out in her car and questioning what she was doing there.",78ce57b7608f4332aaf0943b26191392,,,4
mulholland drive,critique,Lynch presents more than 'the façade' and that he believes only evil and deceit lie beneath it in the film Mulholland Drive. Critic Gregory Weight cautions viewers against a cynical interpretation.,dad17c3fc2dd49fdad5eb474e5c23169,,,4
mulholland drive,nostalgia,"Lynch infuses nostalgia throughout the film and recognizes that real art comes from classic filmmaking as Lynch cast thereby paying tribute to veteran actors Ann Miller, Lee Grant and Chad Everett in Mulholland Drive.",dad17c3fc2dd49fdad5eb474e5c23169,,,4
mulholland drive,betty,Lynch portrays Betty as extraordinarily talented and shows that her abilities are noticed by powerful people in the entertainment industry in Mulholland Drive.,dad17c3fc2dd49fdad5eb474e5c23169,,,4
hollywood culture,critique,Mulholland Drive is critical of the culture of Hollywood as much as it is a condemnation of 'cinephilia' (the fascination of filmmaking and the fantasies associated with it) in Hollywood culture.,dad17c3fc2dd49fdad5eb474e5c23169,,,4
hollywood culture,nostalgia,"Lynch infuses nostalgia throughout the film Mulholland Drive and recognizes that real art comes from classic filmmaking as Lynch cast thereby paying tribute to veteran actors Ann Miller, Lee Grant and Chad Everett in Hollywood culture.",dad17c3fc2dd49fdad5eb474e5c23169,,,4
hollywood culture,putrefaction,Mulholland Drive is critical of the culture of Hollywood as much as it is a condemnation of 'cinephilia' (the fascination of filmmaking and the fantasies associated with it) as well as the putrefaction of Hollywood culture.,dad17c3fc2dd49fdad5eb474e5c23169,,,4
steven dillon,analysis,Steven Dillon writes that Mulholland Drive is critical of the culture of Hollywood as much as it is a condemnation of 'cinephilia' (the fascination of filmmaking and the fantasies associated with it) in his analysis.,dad17c3fc2dd49fdad5eb474e5c23169,,,4
steven dillon,contrast,Steven Dillon writes that Mulholland Drive is critical of the culture of Hollywood as well as a condemnation of 'cinephilia' (the fascination of filmmaking and the fantasies associated with it) while contrasting film nostalgia and the putrefaction of Hollywood in his analysis.,dad17c3fc2dd49fdad5eb474e5c23169,,,4
harring,"hollywood dreams, illusion and obsession","When I saw it the first time, I thought it was the story of Hollywood dreams, illusion and obsession. It touches on the idea that nothing is quite as it seems, especially the idea of being a Hollywood movie star.",67b0db5277c44ceabd340c4f3d348fdd,,,4
harring,identity,Do we know who we are? And then I kept seeing different things in it ...,67b0db5277c44ceabd340c4f3d348fdd,,,4
movie,nothing is quite as it seems,"The second and third times I saw it, I thought it dealt with identity. Do we know who we are? And then I kept seeing different things in it ... There's no right or wrong to what someone takes away from it or what they think the film is really about.",67b0db5277c44ceabd340c4f3d348fdd,,,4
movie,being a hollywood movie star,"The second and third times I saw it, I thought it dealt with identity. Do we know who we are? And then I kept seeing different things in it ... There's no right or wrong to what someone takes away from it or what they think the film is really about.",67b0db5277c44ceabd340c4f3d348fdd,,,4
movie,ask questions,"It intrigues you. You want to get it, but I don't think it's a movie to be gotten. It's achieved its goal if it makes you ask questions.",67b0db5277c44ceabd340c4f3d348fdd,,,4
movie,continuously ponder,"It intrigues you. You want to get it, but I don't think it's a movie to be gotten. It's achieved its goal if it makes you ask questions.",67b0db5277c44ceabd340c4f3d348fdd,,,4
movie,ask questions,"I've heard over and over, 'This is a movie that I'll see again' or 'This is a movie you've got to see again.' It intrigues you. You want to get it, but I don't think it's a movie to be gotten.",67b0db5277c44ceabd340c4f3d348fdd,,,4
betty and rita,lyricism practically without equal in contemporary cinema,Thierry Jousse's review for Cahiers du cinéma described the love between Betty and Rita as having 'lyricism practically without equal in contemporary cinema',e352297b9a4e4b318f225936633febe7,,,4
betty and rita,moving and touching,Variously described relationships between Betty and Rita have been referred to as 'moving' and 'touching',e352297b9a4e4b318f225936633febe7,,,4
betty and rita,titillating,Variously described relationships between Betty and Rita have been referred to as 'titillating',e352297b9a4e4b318f225936633febe7,,,4
the love between the women depicted,of lyricism practically without equal in contemporary cinema,Thierry Jousse's review for Cahiers du cinéma described the 'love between the women depicted' as having 'lyricism practically without equal in contemporary cinema',e352297b9a4e4b318f225936633febe7,,,4
the pivotal romantic interlude,desire,"Betty's understanding for the first time, with self-surprise, that all her helpfulness and curiosity about the other woman had a point: desire",e352297b9a4e4b318f225936633febe7,,,4
the scene's eroticism,"blankets the whole movie, coloring every scene that came before and every one that follows","Stephanie Zacharek of Salon magazine stated that the 'eroticism [was] so potent it blankets the whole movie, coloring every scene that came before and every one that follows'",e352297b9a4e4b318f225936633febe7,,,4
betty and rita,beauty of the world has been cursed,"Writer Charles Taylor said, 'Betty and Rita are often framed against darkness so soft and velvety it's like a hovering nimbus, ready to swallow them if they awake from the film's dream. And when they are swallowed, when smoke fills the frame as if the sulfur of hell itself were obscuring our vision, we feel as if not just a romance has been broken, but the beauty of the world has been cursed.'",e352297b9a4e4b318f225936633febe7,,,4
queerness,aesthetic and thematic content,Lynch inserts queerness in the aesthetic and thematic content of the film.,ff8a6e5bc0454b8883817833f3e17f41,,,4
non-linear film,narrative coherence,the non-linear film is 'incapable of sustaining narrative coherence',ff8a6e5bc0454b8883817833f3e17f41,,,4
lesbianism,ideological conventions of narrative realism,"lesbianism dissolves the ideological conventions of narrative realism, operating as the switch point for the contesting storyworlds within Lynch's elaborately plotted film'",ff8a6e5bc0454b8883817833f3e17f41,,,4
mirrors,doubelgangers,the presence of mirrors and doppelgangers throughout the film 'are common representations of lesbian desire',ff8a6e5bc0454b8883817833f3e17f41,,,4
co-dependency,obsession,The co-dependency in the relationship between Betty and Rita—which borders on outright obsession—,ff8a6e5bc0454b8883817833f3e17f41,,,4
female relationships,identities of vulnerable women,"two similar films, Ingmar Bergman's Persona (1966) and Robert Altman's 3 Women (1977), which also depict identities of vulnerable women that become tangled, interchanging and ultimately merge: 'The female couples also mirror each other, with their mutual interactions conflating hero(ine) worship with same-sex desire'",ff8a6e5bc0454b8883817833f3e17f41,,,4
rita,betty's own hair,"Lynch pays direct homage to Persona in the scene where Rita dons the blonde wig, styled exactly like Betty's own hair. Rita and Betty then gaze at each other in the mirror 'drawing attention to their physical similarity, linking the sequence to theme of embrace, physical coupling and the idea of merging or doubling'",ff8a6e5bc0454b8883817833f3e17f41,,,4
mirroring,doubles,"Mirroring and doubles, which are prominent themes throughout the film, serve to further queer the form and content of the film.",ff8a6e5bc0454b8883817833f3e17f41,,,4
lynch,"accused of perpetuating stereotypes and clichés of lesbians, bisexuals, and lesbian relationships","Several theorists have accused Lynch of perpetuating stereotypes and clichés of lesbians, bisexuals, and lesbian relationships.",9c8d48647b2d4776a44064a7953137a4,,,4
rita,femme fatale,"Rita (the femme fatale) represents two classic stock lesbian characters; Heather Love identifies two key clichés used in the film: ""Lynch presents lesbianism in its innocent and expansive form: lesbian desire appears as one big adventure, an entrée into a glamorous and unknown territory"".",9c8d48647b2d4776a44064a7953137a4,,,4
betty,school girl,Rita (the femme fatale) and Betty (the school girl) represent two classic stock lesbian characters;,9c8d48647b2d4776a44064a7953137a4,,,4
lynch,presents tragic lesbian triangle,"Simultaneously, he presents the tragic lesbian triangle, ""in which an attractive but unavailable woman dumps a less attractive woman who is figured as exclusively lesbian"", perpetuating the stereotype of the bisexual ""ending up with a man"".",9c8d48647b2d4776a44064a7953137a4,,,4
rita,duplicitous nature,"For Love, Diane's exclusively lesbian desire is ""between success and failure, between sexiness and abjection, even between life and death"" if she is rejected. In this context the character of Diane may be interpreted as the ""tragic lesbian"" cliché pining after the bisexual in the heterosexual relationship.",9c8d48647b2d4776a44064a7953137a4,,,4
diane,tragic lesbian,"Love's analysis of the film notes the media's peculiar response to the film's lesbian content: ""reviewers rhapsodized in particular and at length about the film's sex"".",9c8d48647b2d4776a44064a7953137a4,,,4
lesbian content,reviewers' response to lesbian content,"reviewers rhapsodized in particular and at length about the film's sex scenes, as if there were a contest to see who could enjoy this representation of female same-sex desire the most.",03ce6f8148684e31be29a23cabe42d3a,,,4
camilla,classic theme in literature and film depicting lesbian relationships,"Camilla as achingly beautiful and available, rejecting Diane for Adam.",03ce6f8148684e31be29a23cabe42d3a,,,4
betty and rita,contrasting relationships between betty and rita and diane and camilla,"popular reaction to the film suggests the contrasting relationships between Betty and Rita and Diane and Camilla are 'understood as both the hottest thing on earth and, at the same time, as something fundamentally sad and not at all erotic' as 'the heterosexual order asserts itself with crushing effects for the abandoned woman'.",03ce6f8148684e31be29a23cabe42d3a,,,4
heterosexuality as primary,latter half of the film,"In the latter half of the film, heterosexuality plays a significant role.",b9652a95c79240a18610ba306147aa06,,,4
ultimate demise,relationship between diane and camilla,The ultimate demise of Diane and Camilla's relationship is linked to the matrimony of the heterosexual couple.,b9652a95c79240a18610ba306147aa06,,,4
laughs and kisses,declaration that camilla and adam are getting married,"At Adam's party, they begin to announce that Camilla and Adam are getting married; through laughs and kisses, the declaration is delayed because it is obvious and expected.",b9652a95c79240a18610ba306147aa06,,,4
lee wallace suggests,diane circumvents the heterosexual closure of the industry story,"As Lee Wallace suggests, by planning a hit against Camilla, ""Diane circumvents the heterosexual closure of the industry story""",b9652a95c79240a18610ba306147aa06,,,4
storyworld,industry story,"Diane's act of going over to its storyworld is fundamental to the plot of lesbianism as the film presents it, but only by going over to its storyworld, an act that proves fatal for both women, the cause and effect relations of the thriller being fundamentally incompatible with the plot of lesbianism as the film presents it""",b9652a95c79240a18610ba306147aa06,,,4
diane,adam,"In her fantasy, Adam serves as Diane's foil and represents what she can never be, leading to his humiliation. This can be seen as an example of Diane's transgender gaze as Adam functions like a mirror for her to project herself onto.",553fc285dcfd4535bbe0b73a25e63199,,,4
diane,dan,"Diane's prolonged eye-contact with Dan at Winkie's is another example of the trans gaze. According to Cole, Diane's strange recognition of Dan feels trans in its oblique line drawn between impossible doubles due to their similar names (Dan/Diane), which is no mistake.",553fc285dcfd4535bbe0b73a25e63199,,,4
watts's view of the onscreen relationship,the scene,she doesn't see it as erotic but maybe it plays that way,bbec13de6c964807b4a65913f922379b,,,4
harring's perception of the love scene,the energy that takes us [over],she doesn't know if she's done it before but I don't think we're really lesbians,bbec13de6c964807b4a65913f922379b,,,4
love's perception of identity in mulholland drive,"what matters instead is what we are about to do, what we want to do",who we are does not count for much,bbec13de6c964807b4a65913f922379b,,,4
betty elms,los angeles,"described as 'wholesome, optimistic, determined to take the town by storm'",ddf5a4babe5046e580cee0141513f40b,located in,,4
betty elms,hollywood system,entered naively and eagerly,ddf5a4babe5046e580cee0141513f40b,complicit actor who had embraced the very structure that destroyed her,,4
betty,diane,"Relationship between Betty's interpretation of Diane and the true character of Diane. This relationship can be seen as ambiguous, as it is unclear whether Betty is acting out a dream or parody in her portrayal of Diane.",fd4a0f0c4553412a860feb2802d0bc1a,,,4
betty,rita,"Relationship between Betty's performance during the audition and her rehearsal with Rita. During rehearsal, Betty plays the scene poorly due to the poor quality of the lines, but at the actual audition, she transforms it into a powerful scene of sexual tension that she fully controls.",fd4a0f0c4553412a860feb2802d0bc1a,,,4
betty,audience,"Relationship between Betty's interpretation of her character and the audience's perception. Although her character is difficult to believe, her audition performance shows an astonishing depth of dimension.",fd4a0f0c4553412a860feb2802d0bc1a,,,4
betty,david,Relationship between Betty's interpretation of her character and David's perspective. The interpretation can end up being completely different from both David and the audience.,fd4a0f0c4553412a860feb2802d0bc1a,,,4
rita (harring),betty,"Rita serves as the object of desire for Betty, representing her own desire to make sense of the film through Rita's identity. Betty nurtures and consoles Rita due to her confusion and amnesia, which inspires genuine actions from Rita in the first portion of the film.",0dfacab5114144d68527e1e44114364f,,,4
rita (harring),diane selwyn,"According to film historian Steven Dillon, Diane transitions a former roommate into Rita, suggesting that the first portion of Mulholland Drive can be construed as Rita's fantasy until Diane is revealed.",0dfacab5114144d68527e1e44114364f,,,4
rita (harring),audience,"As viewers identify with Rita's confusion and frightened state, she represents their desire to make sense of the film through her identity.",0dfacab5114144d68527e1e44114364f,,,4
rita (harring),gilda,Reviewer notes that Rita's blank persona inspires the onlooker's projection of angelic and devilish traits onto her due to her extraordinary beauty.,0dfacab5114144d68527e1e44114364f,,,4
diane,rita,"undergoes a transition, replaces former roommate in the apartment and assumes her identity",3ea7e962128a4c3f91ed52e788c86973,,,4
betty,rita,"After Betty and Rita find the decomposing body, they flee the apartment and their images are split apart and reintegrated. This causes a breakdown at both the character and image level, as evidenced by special effects that fragment their image and drowned out voices in reverb. The camera seemingly writes out the mental state of the characters.",78142c843aa74ae992b860bc9c64234f,,,4
rita,betty's aunt's apartment,"Immediately they return to Betty's aunt's apartment where Rita dons a blonde wig to disguise herself, but making her look remarkably like Betty.",78142c843aa74ae992b860bc9c64234f,,,4
rita (with blonde wig),betty,"This transformation is suggested as the melding of both identities, supported by visual clues like particular camera angles making their faces appear to be merging into one.",78142c843aa74ae992b860bc9c64234f,,,4
rita (with blonde wig),club silencio,"Rita insists they go to Club Silencio at 2 a.m., leading to the total domination by Camilla.",78142c843aa74ae992b860bc9c64234f,,,4
rita (dominated by camilla),betty,"Eventually, Rita's personality becomes more dominant as she insists they go to Club Silencio at 2 a.m., and this eventually leads to the total domination by Camilla.",78142c843aa74ae992b860bc9c64234f,,,4
diane selwyn (watts),camilla,"idolizes and adores, but does not return her affection",51b6344078e24e54b40aa2cf01bc7bb5,,,4
diane selwyn (watts),rita,"considered to be the reality of the too-good-to-be-true Betty, or a later version of Betty after living too long in Hollywood",51b6344078e24e54b40aa2cf01bc7bb5,,,4
diane selwyn (watts),steven dillon,plot of the film 'makes Rita the perfect empty vessel for Diane's fantasies',51b6344078e24e54b40aa2cf01bc7bb5,,,4
rita,blank cover girl,Diane has invested herself in emptiness,51b6344078e24e54b40aa2cf01bc7bb5,,,4
diane selwyn (watts),camilla,"narcissism, as Camilla embodies everything Diane wants and wants to be",51b6344078e24e54b40aa2cf01bc7bb5,,,4
diane selwyn (watts),miscellaneous miscreants who populate the film industry,only character in the second portion of the film whose moral code remains intact,51b6344078e24e54b40aa2cf01bc7bb5,,,4
betty,rita,"Betty and Rita are two different personas portrayed by Isabelle Huppert in the film. Their relationship is complex, with Betty being haunted by guilt and regret for something she did that led to Rita's suicide. This guilt and moral conditioning eventually lead to Betty's own death.",e300294d52af400f8ac9e790fcef5c93,,,4
betty,club silencio,The illusions presented at Club Silencio in the film seem to have a connection with Betty's moral conditioning and her inner turmoil. This could suggest that Club Silencio might represent some kind of metaphysical space where one can confront their deepest fears.,e300294d52af400f8ac9e790fcef5c93,,,4
camilla,betty,"Camilla appears to have a significant role in Betty's moral conditioning. Her presence seems to weigh heavily on Betty, and her absence might be the reason behind Betty's guilt and regret.",e300294d52af400f8ac9e790fcef5c93,,,4
betty,film industry,"The term 'film industry' refers to the community or group of people working in the film industry. It seems that Betty and Rita are a part of this community, which could have contributed to their complex relationship.",e300294d52af400f8ac9e790fcef5c93,,,4
camilla rhodes,diane selwyn,"Relationship between Camilla and Diane is one of obsession and frustration for Diane. Camilla becomes a full person after the blue box is opened, symbolizing betrayal, humiliation, and abandonment. Camilla asks for Diane to be present on set where Adam publicly humiliates her with another actor. Rita is seen as a vulnerable representation of Diane's desire for Camilla.",a0690e0bfc11426a9fcdef272b6c0ef8,,,4
adam kesher,studio power,"After capitulating and choosing Camilla Rhodes for his film, Adam's cheerful assistant Betty's ability to help Rita comes to an end, placing the blame for her tragedy on the representatives of studio power.",f6a1137d0ae2479e94ec89ef9244180c,,,4
adam kesher,creative control,"After being stripped of creative control of his film, Adam's personality does not seem to change completely from the first part of the film to the second.",f6a1137d0ae2479e94ec89ef9244180c,,,4
adam kesher,pool cleaner,Adam is cuckolded by the pool cleaner played by Billy Ray Cyrus.,f6a1137d0ae2479e94ec89ef9244180c,,,4
manager,adam kesher,"After Adam checks into a seedy motel and pays with cash, the manager arrives to tell him that his credit is no good, witnessed by Diane.",f6a1137d0ae2479e94ec89ef9244180c,,,4
adam kesher,diane,Adam is pompous and self-important in the presence of Diane.,f6a1137d0ae2479e94ec89ef9244180c,,,4
coco,betty,"In the first part of the film, Coco represents the old guard in Hollywood and welcomes Betty to her wonderful new apartment. This highlights the relationship between established industry figures and up-and-coming actors.",86c6e177147641d08dc96bf1f5348390,,,4
coco,diane,"In the second part of the film, Coco appears as Adam's mother and impatiently chastises Diane for being late to the party. This showcases how established figures in the industry may overlook or underestimate newcomers.",86c6e177147641d08dc96bf1f5348390,,,4
the cowboy,camilla rhodes,Minor characters such as The Cowboy and Camilla Rhodes are involved in pressuring Adam to cast her in his film. This highlights the influence of external parties on creative decisions made by industry professionals.,86c6e177147641d08dc96bf1f5348390,,,4
the castigliani brothers,adam,These characters represent the death of creativity for film scholars and somehow involve themselves in pressuring Adam. This portrays a 'closed hierarchical system' in which ultimate power remains hidden behind a series of representatives.,86c6e177147641d08dc96bf1f5348390,,,4
mr. roque,adam,Minor characters such as Mr. Roque are involved in pressuring Adam to cast Camilla Rhodes in his film. This highlights the pressure that industry professionals may face from external parties.,86c6e177147641d08dc96bf1f5348390,,,4
camera,control,"In its graceful fluidity of motion, the camera reassures us that it sees everything and has everything under control.",fdf973e7a459472caf1aeb7c464de238,,,4
camera,everything,The camera seems to see everything in its graceful fluidity of motion.,fdf973e7a459472caf1aeb7c464de238,,,4
us,control,"However, we (and Betty) do not necessarily have everything under control as the camera does.",fdf973e7a459472caf1aeb7c464de238,,,4
different camera positions,suspense of the character in his or her particular space,"Makes the viewer identify with due to their use throughout the film, such as hand-held points of view, according to Stephen Dillon.",bbe04d4716924ae288205ac7c3a0760f,,,4
different camera positions,human perspective,"Disconnects the camera from at moments in the film, thereby ungrounding a single or even a human perspective, according to Stephen Dillon.",bbe04d4716924ae288205ac7c3a0760f,,,4
camera work,very disturbing sense of place and presence,"Rendered by the floating irregular camera in the scene in Winkie's where the 'camera floats irregularly during the shot-reverse shot dialogue', according to Andrew Hageman.",bbe04d4716924ae288205ac7c3a0760f,,,4
lack of transitions,abrupt transitions,Two examples of avant-garde techniques recognized by Curt Hersey in the film.,bbe04d4716924ae288205ac7c3a0760f,,,4
motion speed,nontraditional camera movement,Two more examples of avant-garde techniques recognized by Curt Hersey in the film.,bbe04d4716924ae288205ac7c3a0760f,,,4
computer-generated imagery,nondiegetic images,The last two examples of avant-garde techniques recognized by Curt Hersey in the film.,bbe04d4716924ae288205ac7c3a0760f,,,4
nonlinear narration,intertextuality,Two more examples of avant-garde techniques recognized by Curt Hersey in the film.,bbe04d4716924ae288205ac7c3a0760f,,,4
first portion,logical filmmaking,Presents some of the most logical filmmaking of Lynch's career.,485ffe70c59f4cecb42645e48703bd9a,,,4
"betty, rita and adam","characters of betty, rita and adam",The first portion of the film that establishes,485ffe70c59f4cecb42645e48703bd9a,,,4
betty and rita,glow with light,"present in the first portion of the film where ""even the plainest decor seems to sparkle""",485ffe70c59f4cecb42645e48703bd9a,,,4
transitions between scenes,smooth,are smooth in the first portion of the film,485ffe70c59f4cecb42645e48703bd9a,,,4
diane's scenes,choppier editing and dirtier lighting,feature choppier editing and dirtier lighting that symbolize her physical and spiritual impoverishment,485ffe70c59f4cecb42645e48703bd9a,,,4
los angeles,"mountains, palm trees and buildings",are used to move between scenes in the first portion of the film by using panoramic shots of,485ffe70c59f4cecb42645e48703bd9a,,,4
sound transitions,without a visual reference,are used to transition between scenes in the later part of the film when reality is being represented,485ffe70c59f4cecb42645e48703bd9a,,,4
diane's hallucination,camilla after diane wakes up,creates an uncanny effect where viewers are,485ffe70c59f4cecb42645e48703bd9a,,,4
the being from behind winkie's,after diane's suicide,creates an uncanny effect where viewers are,485ffe70c59f4cecb42645e48703bd9a,,,4
elements that were differently configured,"are repetitively, reversed and displaced in the film",and create an uncanny effect,485ffe70c59f4cecb42645e48703bd9a,,,4
uncanny effect,early portion of the film,Creates when familiar characters or situations are presented in altered times or locations.,deaa57d1288848f2ac19e2fc9b36b1d9,,,4
uncanny effect,winkie's,Occurs in the early scene at Winkie's due to disintegration of boundaries between physical reality and imaginary realities of the unconscious.,deaa57d1288848f2ac19e2fc9b36b1d9,,,4
uncanny effect,doppelgänger,Occurs when multiple characters played by the same actors are presented in the film.,deaa57d1288848f2ac19e2fc9b36b1d9,,,4
uncanny metaphor,dreams,Identified by author Valtteri Kokko as one of three groups of uncanny metaphors in the context provided.,deaa57d1288848f2ac19e2fc9b36b1d9,,,4
uncanny metaphor,blue box,"Initiates Rita's disappearance and Diane's real life, identified by author Valtteri Kokko as one of three groups of uncanny metaphors in the context provided.",deaa57d1288848f2ac19e2fc9b36b1d9,,,4
normal sound,disorienting buzzing roar,"during the scene where the man collapses behind Winkie's, normal sound is drowned out by a disorienting buzzing roar that creates a dissonance and suspense that draws in the spectator as detective to place the sound and reestablish order.",cd354563d2334ec9a5352fa4dc86cdc2,,,4
silence,subtle rumblings,Lynch infused subtle rumblings throughout portions of the film that added unsettling and creepy effects.,cd354563d2334ec9a5352fa4dc86cdc2,,,4
silence,screaming kids,"After Lynch added 'a hint of the steam [from the wreck] and the screaming kids', Laura Elena Harring transformed from clumsy to terrified.",cd354563d2334ec9a5352fa4dc86cdc2,,,4
silence,terrifying ambience,"According to Ruth Perlmutter, Lynch's use of 'perpetual and uncanny ambient sound' in the film creates a terrifying ambience.",cd354563d2334ec9a5352fa4dc86cdc2,,,4
whispering,silence,"Lynch's ending with the woman at Club Silencio is an example of his aural deception and surreality, according to Ruth Perlmutter, as the acting, dreams, fears, and terrors of the undefined self are over when the film is over, leaving only silence and enigma.",cd354563d2334ec9a5352fa4dc86cdc2,,,4
mulholland drive,television series,"Originally conceived as a television series by David Lynch for Touchstone Television and intended for the ABC television network. Tony Krantz, responsible for the development of Twin Peaks, was 'fired up' about doing another television series based on Lynch's pitch. The pilot, produced for ABC, featured Rita emerging from a car accident with her purse containing $125,000 in cash and the blue key, and Betty trying to help her figure out who she is. An ABC executive recalled being 'creeped out' by the woman in this horrible crash and asking what happens next. David teased that people were chasing her and that she was trouble, not just 'in' trouble.",5557cab9649a413e9a37c23e4eb5530a,,,4
mulholland drive,abc television network,"Originally conceived as a television series by David Lynch for Touchstone Television and intended for the ABC television network. The pilot, produced for ABC, was watched by an executive who hated it and immediately cancelled it.",5557cab9649a413e9a37c23e4eb5530a,,,4
mulholland drive,feature,"Pierre Edleman, Lynch's friend from Paris, came to visit and started talking to him about the film being a feature. Canal+ wanted to give Lynch money to make it into a feature and it took a year to negotiate.",5557cab9649a413e9a37c23e4eb5530a,,,4
television series,pilot,Mulholland Drive began as a 90-minute pilot produced for Touchstone Television and intended for the ABC television network.,5557cab9649a413e9a37c23e4eb5530a,,,4
rita,car accident,"Rita emerging from the car accident with her purse containing $125,000 in cash and the blue key,",5557cab9649a413e9a37c23e4eb5530a,,,4
betty,rita,"Betty trying to help Rita figure out who she is,",5557cab9649a413e9a37c23e4eb5530a,,,4
lynch,pilot,"Lynch described the attractiveness of the idea of a pilot, despite the knowledge that the medium of television would be constricting:",24b837a657e54c7982bc90232c5ac169,,,4
continuing story,deep story,"Lynch: 'I'm a sucker for a continuing story ... Theoretically, you can get a very deep story and you can go so deep and open the world so beautifully, but it takes time to do that.'",24b837a657e54c7982bc90232c5ac169,,,4
television,constricting,"Lynch described the attractiveness of the idea of a pilot, despite the knowledge that the medium of television would be constricting:",24b837a657e54c7982bc90232c5ac169,,,4
surreal elements,story,"The story included surreal elements, much like Lynch's earlier series Twin Peaks.",24b837a657e54c7982bc90232c5ac169,,,4
rita,identity,"Groundwork was laid for story arcs, such as the mystery of Rita's identity,",24b837a657e54c7982bc90232c5ac169,,,4
betty,career,"Groundwork was laid for story arcs, such as Betty's career and Adam Kesher's film project.",24b837a657e54c7982bc90232c5ac169,,,4
adam kesher,film project,"Groundwork was laid for story arcs, such as Betty's career and Adam Kesher's film project.",24b837a657e54c7982bc90232c5ac169,,,4
lynch,watts,"selected Watts for her 'tremendous talent' and 'beautiful soul' after seeing her photographs, and noted her intelligence and potential for various roles",cd0d499eafa44e1ead7794cc64361c5a,,,4
lynch,harring,"selected Harring based on her photographs and did not know anything about her previous works, told her about the car accident scene in the film after she had a minor car accident on the way to their interview",cd0d499eafa44e1ead7794cc64361c5a,,,4
lynch,theroux,"cast Theroux based on his appearance during their meeting after his flight, and liked his all-black outfit and messy hair",cd0d499eafa44e1ead7794cc64361c5a,,,4
filming,location,Filming for the television pilot began on location in Los Angeles in February 1999 and took six weeks.,4617dbb4a00e494c811dc837fc223db6,,,4
television pilot,network,"Ultimately, the network was unhappy with the pilot and decided not to place it on its schedule.",4617dbb4a00e494c811dc837fc223db6,,,4
nonlinear storyline,network,"Objections included the nonlinear storyline,",4617dbb4a00e494c811dc837fc223db6,,,4
harring,network,"the ages of Harring and Watts (whom they considered too old),",4617dbb4a00e494c811dc837fc223db6,,,4
ann miller's character,network,"cigarette smoking by Ann Miller's character and a close-frame shot of dog feces in one scene,",4617dbb4a00e494c811dc837fc223db6,,,4
ideas,experience,"One night, I sat down, the ideas came in, and it was a most beautiful experience.",4617dbb4a00e494c811dc837fc223db6,,,4
film,way,"Everything was seen from a different angle ... Now, looking back, I see that [the film] always wanted to be this way. It just took this strange beginning to cause it to be what it is.",4617dbb4a00e494c811dc837fc223db6,,,4
film,quality tapes,"Lots of people have seen it, which is embarrassing, because they're bad-quality tapes, too. I don't want to think about it.",4617dbb4a00e494c811dc837fc223db6,,,4
david lynch,feature film,Lynch decided to transform the script into a feature film.,8516239a6405434fae504e820b6b84fc,,,4
script,feature film,"The result was an extra eighteen pages of material that included events that occurred after the blue box was opened, causing it to be what it is.",8516239a6405434fae504e820b6b84fc,,,4
abc,pilot,The pilot was later rewritten and expanded when Lynch decided to transform it into a feature film.,8516239a6405434fae504e820b6b84fc,,,4
betty,rita,"The new scenes filmed in October 2000, funded with $7 million from French production company StudioCanal., included the romantic relationship between Rita and Betty.",8516239a6405434fae504e820b6b84fc,,,4
betty,one-dimensional character,Watts found Betty too one-dimensional without the darker portion of the film that was put together afterward.,8516239a6405434fae504e820b6b84fc,,,4
lynch,director,"Lynch described his method of approaching filming without entirely understanding the plot as 'half-blindfolded'. He withholds scenes from actors to maintain the mystifying nature of the whole, which he obviously commands. While Theroux noted that Lynch was certain that his character, a Hollywood director, was not meant to be Lynch.",695d9f6484fe495895423f90b5317887,,,4
theroux,lynch,"Theroux described working with Lynch as half-blindfolded due to his unclear plot methods. However, Theroux acknowledged that Lynch's method obviously works for him as a first-time director might have reservations.",695d9f6484fe495895423f90b5317887,,,4
watts,lynch,"Watts stated that she tried to bluff Lynch by pretending she had the plot figured out, and he delighted in the cast's frustration. However, Laura Harring felt very vulnerable during a sex scene between her and Watts' characters due to the presence of many people.",695d9f6484fe495895423f90b5317887,,,4
harring,watts,"During the filming of their sex scene, Laura Harring felt very vulnerable in the presence of many people. She was on the verge of tears and considered it awkward despite being friends with Watts.",695d9f6484fe495895423f90b5317887,,,4
jitterbug,album progression,"The album progresses much like a typical Lynch film, opening with a quick, pleasant Jitterbug and then slowly delving into darker string passages, the twangy guitar sounds of '50s diner music, and finally, the layered, disturbing, often confusing underbelly of the score.",695d9f6484fe495895423f90b5317887,,,4
neil shurley,mulholland drive,"Neil Shurley worked on the music supervision for the film Mulholland Drive, directed by David Lynch.",90e236e3487d4528ae534b6d60d25519,,,4
angelo badalamenti,mulholland drive,"Angelo Badalamenti supervised the soundtrack of the film Mulholland Drive, directed by David Lynch.",90e236e3487d4528ae534b6d60d25519,,,4
david lynch,neil shurley,David Lynch worked with Neil Shurley on the music supervision for the film Mulholland Drive.,90e236e3487d4528ae534b6d60d25519,,,4
david lynch,angelo badalamenti,"David Lynch collaborated with Angelo Badalamenti on the soundtrack of Mulholland Drive, as well as previous projects Blue Velvet and Twin Peaks.",90e236e3487d4528ae534b6d60d25519,,,4
neil shurley,angelo badalamenti,Neil Shurley also worked on the music supervision for Mulholland Drive alongside Angelo Badalamenti.,90e236e3487d4528ae534b6d60d25519,,,4
angelo badalamenti,david lynch,"Angelo Badalamenti collaborated with David Lynch on the soundtrack of Mulholland Drive, as well as previous projects Blue Velvet and Twin Peaks.",90e236e3487d4528ae534b6d60d25519,,,4
mulholland drive,nearly motionless string dread,"The ominous score for Mulholland Drive, created by Angelo Badalamenti, contributes to the sense of mystery at the film's opening.",90e236e3487d4528ae534b6d60d25519,,,4
mulholland drive,noir jazz and audio feedback,"The score for Mulholland Drive, created by Angelo Badalamenti, alternates between 'nearly motionless string dread', noir jazz, and audio feedback.",90e236e3487d4528ae534b6d60d25519,,,4
mulholland drive,firewood,"Angelo Badalamenti provided David Lynch with multiple ten- to twelve-minute tracks at slow tempo, which they called 'firewood'.",90e236e3487d4528ae534b6d60d25519,,,4
mulholland drive,explosion of infinite darkness,"The rhythms in the score for Mulholland Drive, created by Angelo Badalamenti, build to an 'explosion of infinite darkness'.",90e236e3487d4528ae534b6d60d25519,,,4
mulholland drive,betty's first arrival in los angeles,"The bright, hopeful tones of the score for Mulholland Drive contrast with the dark-haired woman's limousine.",90e236e3487d4528ae534b6d60d25519,,,4
mulholland drive,espresso aficionado and mobster,"Angelo Badalamenti, who has a cameo as an espresso aficionado and mobster in the film, supervised the soundtrack.",90e236e3487d4528ae534b6d60d25519,,,4
mulholland drive,afi and bafta,Angelo Badalamenti's work on the soundtrack for Mulholland Drive was nominated for awards from the American Film Institute (AFI) and the British Academy of Film and Television Arts (BAFTA).,90e236e3487d4528ae534b6d60d25519,,,4
lynch,pop songs from the 1960s,uses two directly after each other in Mulholland Drive,e23b73ce04cd482f9b98528772183908,,,4
lynch's female characters,unable to communicate through normal channels,"often reduced to lip-synching or being otherwise stifled, according to an analyst of music used in Lynch films",e23b73ce04cd482f9b98528772183908,,,4
connie stevens's 'sixteen reasons',lynch's female characters,being sung by them while the camera pans backwards to reveal several illusions in Mulholland Drive,e23b73ce04cd482f9b98528772183908,,,4
linda scott's version of 'i've told ev'ry little star',lynch's female characters,being auditioned for by them in Mulholland Drive,e23b73ce04cd482f9b98528772183908,,,4
camilla rhodes,linda scott's version of 'i've told ev'ry little star',first Camilla auditioning for it in Mulholland Drive,e23b73ce04cd482f9b98528772183908,,,4
betty,linda scott's version of 'i've told ev'ry little star',hearing it being distorted to suggest a sonic split-identity in Mulholland Drive,e23b73ce04cd482f9b98528772183908,,,4
adam,camilla rhodes,declaring 'This is the girl' about Camilla in Mulholland Drive,e23b73ce04cd482f9b98528772183908,,,4
betty,adam,"locking eyes with him and abruptly fleeing after Adam declares 'This is the girl' about Camilla, avoiding his inevitable rejection in Mulholland Drive",e23b73ce04cd482f9b98528772183908,,,4
linda scott's version of 'i've told ev'ry little star',betty,allowing Betty to escape from Adam's rejection in Mulholland Drive,e23b73ce04cd482f9b98528772183908,,,4
club silencio,betty and rita's relationship,"The scene in Club Silencio serves as a hinge between the characters of Betty and Rita and their relationship, leading to its disintegration.",c855832337d74865bdfae3833065b27f,,,4
club silencio,sparsely attended theater,The Club Silencio is a unique late night theater mentioned in the context.,c855832337d74865bdfae3833065b27f,,,4
performer in club silencio,band,"The performer announces the contradictory existence of a band, which adds to the uniqueness and originality of the Club Silencio.",c855832337d74865bdfae3833065b27f,,,4
spanish a cappella rendition of 'crying',rebekah del rio's performance,"The Spanish a cappella rendition of 'Crying' by Rebekah Del Rio, known as 'Llorando', is praised for its uniqueness and originality.",c855832337d74865bdfae3833065b27f,,,4
roy orbison's version of 'crying',roy orbison,Lynch initially wanted to use Roy Orbison's version of 'Crying' in Blue Velvet but changed his mind and used it for this context.,c855832337d74865bdfae3833065b27f,,,4
rita and betty,diane and camilla,"The song 'Crying' serenades the lovers Betty and Rita, leading to their weeping moments before their relationship disappears and is replaced by Diane and Camilla's dysfunction.",c855832337d74865bdfae3833065b27f,,,4
lynch,rebekah del rio,"Lynch wrote a part for Rebekah Del Rio, who popularized the Spanish version of 'Crying', and used her version in this context.",c855832337d74865bdfae3833065b27f,,,4
multiple languages,song's theme of primal emotions,"The use of multiple languages in the song portrays the strong, primal emotions it evokes.",c855832337d74865bdfae3833065b27f,,,4
intellect,lynch's distrust,"The scene and the song mark Lynch's distrust of intellectual elements, which is a recurring theme in his works.",c855832337d74865bdfae3833065b27f,,,4
multiple languages,intellectual discourse,Lynch's distrust of intellectual discourse is exhibited by his use of multiple languages instead.,d591c13cf4124a8891e7255ba856cbe0,,,4
images and sounds,intellectual discourse,Lynch makes sense through images and sounds rather than intellectual discourse.,d591c13cf4124a8891e7255ba856cbe0,,,4
disorienting effect of music,del rio,The disorienting effect of the music playing although del Rio is no longer there is described as 'the musical version of Magritte's painting Ceci n'est pas une pipe'.,d591c13cf4124a8891e7255ba856cbe0,,,4
mulholland drive,cannes film festival,"Mulholland Drive premiered at the Cannes Film Festival in May to major critical acclaim, and director David Lynch was awarded the Best Director prize at the festival.",da773989e3e14fbf846196d4bf1d38f7,,,4
david lynch,best director prize,David Lynch was awarded the Best Director prize at the Cannes Film Festival for Mulholland Drive.,da773989e3e14fbf846196d4bf1d38f7,,,4
mulholland drive,positive reviews,Mulholland Drive drew positive reviews from many critics and strong audience reactions.,da773989e3e14fbf846196d4bf1d38f7,,,4
universal pictures,theatrical release,"Universal Pictures released Mulholland Drive theatrically in 66 theaters in the United States on October 12, 2001.",da773989e3e14fbf846196d4bf1d38f7,,,4
tva films,theatrical release,"TVA Films released Mulholland Drive theatrically in Canada on October 26, 2001.",da773989e3e14fbf846196d4bf1d38f7,,,4
mulholland drive,box office success,"Mulholland Drive grossed $7,220,243 at the U.S. box office.",da773989e3e14fbf846196d4bf1d38f7,,,4
tva films,theatrical release,"TVA Films released Mulholland Drive theatrically in Canada, where it also had success at the box office.",da773989e3e14fbf846196d4bf1d38f7,,,4
mulholland drive,received,Both some of the harshest epithets and some of the most lavish praise in recent cinematic history,17a1a606729f4290a73ea73c7959ea4f,,,4
rotten tomatoes,approval rating,"The film has an approval rating of 84% based on 262 reviews, with an average rating of 7.8/10.",17a1a606729f4290a73ea73c7959ea4f,,,4
mulholland drive,neo-noir,David Lynch's dreamlike and mysterious Mulholland Drive is a twisty neo-noir,17a1a606729f4290a73ea73c7959ea4f,,,4
rotten tomatoes,critical consensus,features a mesmerizing performance from Naomi Watts as a woman on the dark fringes of Hollywood.,17a1a606729f4290a73ea73c7959ea4f,,,4
roger ebert,wild at heart,"Ebert had often been dismissive of Lynch's work, specifically referring to 'Wild at Heart'",d05e7566fcb94ad091ea9d01a7a7ea81,,,4
roger ebert,lost highway,"Ebert had often been dismissive of Lynch's work, also referencing 'Lost Highway'",d05e7566fcb94ad091ea9d01a7a7ea81,,,4
mulholland drive,david lynch's career,"According to Ebert, 'Mulholland Drive' represents the culmination of Lynch's career-long endeavors",d05e7566fcb94ad091ea9d01a7a7ea81,,,4
roger ebert,4 stars out of 4,Ebert awarded 'Mulholland Drive' a rare four-star rating,d05e7566fcb94ad091ea9d01a7a7ea81,,,4
stephen holden,fellini's 8½,"'Mulholland Drive' can be viewed as a 'monumental self-reflection,' according to Holden, who also compared it to Fellini's classic",d05e7566fcb94ad091ea9d01a7a7ea81,,,4
edward guthmann,dreamlike images,Guthmann commended 'Mulholland Drive' for its dream-like visuals,d05e7566fcb94ad091ea9d01a7a7ea81,,,4
edward guthmann,lost-in-time atmosphere,Guthmann noted the film's 'lost-in-time atmosphere',d05e7566fcb94ad091ea9d01a7a7ea81,,,4
stephen holden,carnival,Holden likened 'Mulholland Drive' to a 'cinematic carnival',d05e7566fcb94ad091ea9d01a7a7ea81,,,4
edward guthmann,"fierce, frequently reckless imagination","Guthmann praised the film for its 'fierce, frequently reckless imagination'",d05e7566fcb94ad091ea9d01a7a7ea81,,,4
mulholland drive,worst film,"Rex Reed of The New York Observer stated that Mulholland Drive was the worst film he had seen in 2001, calling it 'a load of moronic and incoherent garbage.'",420d705abc8c4507a710d1d5d7d90adf,,,4
mulholland drive,detractors,Rex Reed's negative review is an example of the detractors that Mulholland Drive had.,420d705abc8c4507a710d1d5d7d90adf,,,4
mulholland drive,pretty moribund ride,Peter Rainer's criticism describes Mulholland Drive as a 'pretty moribund ride.',420d705abc8c4507a710d1d5d7d90adf,,,4
mulholland drive,cretins and hobgoblins and zombies,Peter Rainer's criticism also mentions Mulholland Drive's association with 'cretins and hobgoblins and zombies'.,420d705abc8c4507a710d1d5d7d90adf,,,4
mulholland drive,incoherence,"Desson Howe labeled Mulholland Drive as 'an extended mood opera, if you want to put an arty label on incoherence.'",420d705abc8c4507a710d1d5d7d90adf,,,4
mulholland drive,narrative coherence,Todd McCarthy's criticism notes that Mulholland Drive 'jumps off the solid ground of relative narrative coherence into Lynchian fantasyland.',420d705abc8c4507a710d1d5d7d90adf,,,4
mulholland drive,alternate reality,"Todd McCarthy's criticism mentions that for the final 45 minutes, Mulholland Drive presents 'a form of alternate reality with no apparent meaning or logical connection to what came before.'",420d705abc8c4507a710d1d5d7d90adf,,,4
mulholland drive,genuine involvement,"Todd McCarthy's criticism also notes that up to a certain point, Mulholland Drive 'created genuine involvement.'",420d705abc8c4507a710d1d5d7d90adf,,,4
mulholland drive,rex reed,Rex Reed is the critic who labeled Mulholland Drive as 'the worst film' and 'a load of moronic and incoherent garbage.',420d705abc8c4507a710d1d5d7d90adf,,,4
mulholland drive,peter rainer,Peter Rainer is the critic who described Mulholland Drive as 'a pretty moribund ride' and associated it with 'cretins and hobgoblins and zombies'.,420d705abc8c4507a710d1d5d7d90adf,,,4
mulholland drive,desson howe,"Desson Howe is the critic who labeled Mulholland Drive as 'an extended mood opera, if you want to put an arty label on incoherence.'",420d705abc8c4507a710d1d5d7d90adf,,,4
mulholland drive,todd mccarthy,Todd McCarthy is the critic who described Mulholland Drive as being 'in Lynchian fantasyland' and presented it as having 'no apparent meaning or logical connection to what came before.',420d705abc8c4507a710d1d5d7d90adf,,,4
lynch,confuses audience,"criticized it, saying: ""Lynch cheats his audience, pulling the rug out from under us. He throws everything into the mix with the lone goal of confusing us. Nothing makes any sense because it's not supposed to make any sense. There's no purpose or logic to events. Lynch is playing a big practical joke on us.""",9b3e8679a5c9426fb3bcde09b4eeb69d,,criticizes_confusion,4
lynch,throws everything into the mix,"criticized it, saying: ""Lynch cheats his audience, pulling the rug out from under us. He throws everything into the mix with the lone goal of confusing us. Nothing makes any sense because it's not supposed to make any sense. There's no purpose or logic to events. Lynch is playing a big practical joke on us.""",9b3e8679a5c9426fb3bcde09b4eeb69d,,initiates_mixing,4
lynch,plays a big practical joke,"criticized it, saying: ""Lynch cheats his audience, pulling the rug out from under us. He throws everything into the mix with the lone goal of confusing us. Nothing makes any sense because it's not supposed to make any sense. There's no purpose or logic to events. Lynch is playing a big practical joke on us.""",9b3e8679a5c9426fb3bcde09b4eeb69d,,jokes_audience,4
carney,emotional back-flips,"notes, ""You wouldn't need all the emotional back-flips and narrative trap doors if you had anything to say.""",9b3e8679a5c9426fb3bcde09b4eeb69d,,implies_emotionality,4
carney,narrative trap doors,"notes, ""You wouldn't need all the emotional back-flips and narrative trap doors if you had anything to say.""",9b3e8679a5c9426fb3bcde09b4eeb69d,,implies_complexity,4
carney,souls,"notes, ""You wouldn't need doppelgangers and shadow-figures if your characters had souls.""",9b3e8679a5c9426fb3bcde09b4eeb69d,,implies_depth,4
lynch,doppelgangers,"criticized it, saying: ""Lynch cheats his audience, pulling the rug out from under us. He throws everything into the mix with the lone goal of confusing us. Nothing makes any sense because it's not supposed to make any sense. There's no purpose or logic to events. Lynch is playing a big practical joke on us.""",9b3e8679a5c9426fb3bcde09b4eeb69d,,utilizes_doppelgangers,4
lynch,shadow-figures,"criticized it, saying: ""Lynch cheats his audience, pulling the rug out from under us. He throws everything into the mix with the lone goal of confusing us. Nothing makes any sense because it's not supposed to make any sense. There's no purpose or logic to events. Lynch is playing a big practical joke on us.""",9b3e8679a5c9426fb3bcde09b4eeb69d,,utilizes_shadowfigures,4
carney,confusion,"notes, ""You wouldn't need all the emotional back-flips and narrative trap doors if you had anything to say.""",9b3e8679a5c9426fb3bcde09b4eeb69d,,caused_by_confusion,4
mulholland drive,50 films to see before you die,Channel 4 program ranked Mulholland Drive at number 38 in its list '50 Films to See Before You Die'.,579c87a7c9f84ec7a8c9dd3e2898300a,,,4
mulholland drive,great movies,Roger Ebert added Mulholland Drive to his canon of 'Great Movies',579c87a7c9f84ec7a8c9dd3e2898300a,,,4
david lynch,mulholland drive,Mulholland Drive is a film by David Lynch.,579c87a7c9f84ec7a8c9dd3e2898300a,,,4
film noir,mulholland drive,Mulholland Drive employs the conventions of film noir in a pure form.,579c87a7c9f84ec7a8c9dd3e2898300a,,,4
characters with guilt,mulholland drive,"The characters in Mulholland Drive have committed a crime or a sin, are immersed with guilt, and fear they're getting what they deserve.",579c87a7c9f84ec7a8c9dd3e2898300a,,,4
innocent man wrongly accused,mulholland drive,"The second description describes the central dilemma of  Mulholland Dr. Yet it floats in an uneasy psychic space, never defining who sinned.",579c87a7c9f84ec7a8c9dd3e2898300a,,,4
hitchcock's favorite plot,mulholland drive,"Another definition of film noirs is that they're about characters who have committed a crime or a sin, are immersed with guilt, and fear they're getting what they deserve.",579c87a7c9f84ec7a8c9dd3e2898300a,,,4
mulholland drive,28th greatest film ever made,"In the British Film Institute's 2012 Sight & Sound poll, Mulholland Drive was ranked the 28th greatest film ever made.",5ce0588a291d4ed2b7dc4219b20ad190,,,4
mulholland drive,8th,"Having received 40 critics' votes, it is one of only two films from the 21st century to be included in the list, along with 2000’s In the Mood for Love. The following year, Mulholland Drive was named as the greatest film of the 21st century in a poll conducted by BBC Culture.",5ce0588a291d4ed2b7dc4219b20ad190,,,4
mulholland drive,4k restoration version,The 4K restoration version of Mulholland Drive was shown in the Cannes Classics section at the 2021 Cannes Film Festival.,5ce0588a291d4ed2b7dc4219b20ad190,,,4
mulholland drive,"april 9, 2002","The film was released on VHS and DVD by Universal Studios Home Video on April 9, 2002,",5ce0588a291d4ed2b7dc4219b20ad190,,,4
mulholland drive,nick coccellato of eccentric cinema,"Nick Coccellato of Eccentric Cinema gave the film a rating of nine out of ten and the DVD release an eight out of ten,",5ce0588a291d4ed2b7dc4219b20ad190,,,4
mulholland drive,lynch objects to chapter stops,"It was released without chapter stops, a feature that Lynch objects to on the grounds that it 'demystifies' the film.",5ce0588a291d4ed2b7dc4219b20ad190,,,4
mulholland drive,lynch interview at the cannes film festival,Special features in later versions and overseas versions of the DVD include a Lynch interview at the Cannes Film Festival and highlights of the debut of the film at Cannes.,5ce0588a291d4ed2b7dc4219b20ad190,,,4
mulholland drive,studiocanal collection,"Optimum Home Entertainment released Mulholland Drive to the European market as part of its StudioCanal Collection on Blu-ray as part of its StudioCanal Collection on September 13, 2010.",d5144d8959bb48a3a41122887bb90c75,,,4
mulholland drive,thierry jousse,An introduction by Thierry Jousse is exclusive to this release.,d5144d8959bb48a3a41122887bb90c75,,,4
mulholland drive,in the blue box,A retrospective documentary featuring directors and critics is included in this release.,d5144d8959bb48a3a41122887bb90c75,,,4
making-of,mulholland drive,"Two making-of documentaries, On the Road to Mulholland Drive and Back to Mulholland Drive, are included in this release.",d5144d8959bb48a3a41122887bb90c75,,,4
mulholland drive,interviews,Several interviews with people involved in making the film are included in this release.,d5144d8959bb48a3a41122887bb90c75,,,4
the criterion collection,mulholland drive,"The Criterion Collection announced that it would release Mulholland Drive, newly restored through a 2K digital transfer,",d5144d8959bb48a3a41122887bb90c75,,,4
"october 27, 2015",mulholland drive,"...On DVD and Blu-ray on October 27, 2015,",d5144d8959bb48a3a41122887bb90c75,,,4
new interviews with the film's crew,mulholland drive,"Both of which include new interviews with the film's crew and the 2005 edition of Chris Rodley's book Lynch on Lynch,",d5144d8959bb48a3a41122887bb90c75,,,4
original trailer,mulholland drive,Along with the original trailer and other extras.,d5144d8959bb48a3a41122887bb90c75,,,4
mulholland drive,criterion's parent company janus films,"Universal has seemingly lost the film's U.S. distribution rights since, which now lie with Janus Films, Criterion's parent company.",5db05c03df7b4c31b1ef3cba104d21f7,,,4
mulholland drive,"november 16, 2021","Criterion confirmed on August 16, 2021, that Mulholland Drive will be released on November 16, 2021.",5db05c03df7b4c31b1ef3cba104d21f7,,,4
david lynch,mulholland drive,Lynch was nominated for an Academy Award for Best Director for the film.,5db05c03df7b4c31b1ef3cba104d21f7,,,4
mulholland drive,4k and blu-ray disc package,"Criterion confirmed on August 16, 2021, that Mulholland Drive will be released on November 16, 2021, as a 4K and Blu-ray disc package.",5db05c03df7b4c31b1ef3cba104d21f7,,,4
mulholland drive,best picture (drama),"The film received four Golden Globe nominations in the categories of Best Picture (Drama), Best Director, Best Screenplay and Best Original Score.",5db05c03df7b4c31b1ef3cba104d21f7,,,4
mulholland drive,new york film critics circle,The film was named Best Picture by the New York Film Critics Circle at the 2001 New York Film Critics Circle Awards and Online Film Critics Society.,5db05c03df7b4c31b1ef3cba104d21f7,,,4
